{
  "categories": [
    {
      "id": 1,
      "name": "Science Fiction"
    },
    {
      "id": 2,
      "name": "Drama"
    }
  ],
  "movies": [
    {
      "id": 1,
      "title": "Interstellar",
      "category_id": 1,
      "rating": 8.6
    },
    {
      "id": 2,
      "title": "Inception",
      "category_id": 1,
      "rating": 8.8
    },
    {
      "id": 3,
      "title": "The Shawshank Redemption",
      "category_id": 2,
      "rating": 9.3
    }
  ],
  "favorites": [
    {
      "id": 1,
      "category_id": 1
    },
    {
      "id": 3,
      "category_id": 2
    }
  ]
}
